question,answer
"What are the symptoms of COVID-19?","Common symptoms include fever, cough, fatigue, and difficulty breathing."
"How does COVID-19 spread?","COVID-19 spreads primarily through respiratory droplets when an infected person coughs, sneezes, or talks."
"What is the incubation period for COVID-19?","The incubation period is typically 2-14 days after exposure to the virus."
"Can asymptomatic people spread COVID-19?","Yes, people without symptoms can spread the virus."
"What should I do if I think I have COVID-19?","If you think you have COVID-19, you should isolate yourself and contact your healthcare provider for guidance."
"How can I protect myself from COVID-19?","You can protect yourself by wearing a mask, practicing social distancing, and washing your hands frequently."
"Is there a vaccine for COVID-19?","Yes, several vaccines have been developed and are available for COVID-19."
"What are the long-term effects of COVID-19?","Some people may experience long-term effects such as fatigue, difficulty breathing, and neurological issues."
"Can children get COVID-19?","Yes, children can get COVID-19, although they generally have milder symptoms than adults."
"How is COVID-19 treated?","Treatment varies depending on the severity of the illness, but may include rest, hydration, and medications to reduce symptoms."
"Can I get COVID-19 from touching surfaces?","It is possible to get COVID-19 by touching surfaces contaminated with the virus and then touching your face, but this is not the primary way the virus spreads."
"How accurate are COVID-19 tests?","The accuracy of COVID-19 tests can vary, but PCR tests are generally considered to be the most reliable."
"What is herd immunity?","Herd immunity occurs when a large portion of the population becomes immune to a disease, reducing its spread."
"Can pets get COVID-19?","There have been a few cases of pets becoming infected with COVID-19, but this is rare."
"What are the variants of COVID-19?","Variants of COVID-19 are versions of the virus that have mutated. Some variants may spread more easily or evade immunity."
"What is the difference between quarantine and isolation?","Quarantine is for people who may have been exposed to the virus, while isolation is for those who are confirmed to be infected."
"Can I travel during the COVID-19 pandemic?","Travel restrictions and guidelines vary by location and change frequently. It's best to check local regulations before traveling."
"Do masks really help prevent the spread of COVID-19?","Yes, wearing masks helps reduce the spread of respiratory droplets that can carry the virus."
"Are COVID-19 vaccines safe?","COVID-19 vaccines have undergone extensive testing and are considered safe and effective by health authorities."
"How does the COVID-19 vaccine work?","COVID-19 vaccines help your body develop immunity to the virus without causing the disease."
